Name,Sequence
AP00007,GNNRPVYIPQPRPPHPRL
AP00142,GLKKLLGKLLKKLGKLLLK
AP00168,GRPNPVNNKPTPHPRL
AP00169,GRPNPVNTKPTPYPRL
AP00209,GVLSNVIGYLKKLGTGALNAVLKQ
AP00249,GLVSSIGRALGGLLADVVKSKGQPA
AP00302,GCRFCCNCCPNMSGCGVCCRF
AP00344,GNNRPIYIPQPRPPHPRL
AP00356,QRFIHPTYRPPPQPRRPVIMRA
AP00357,FFPIGVFCKIFKTC
AP00362,VDKPDYRPRPRPPNM
AP00363,VDKPDYRPRPWPRPN
AP00364,VDKPDYRPRPWPRNMI
AP00365,VDKPDYRPRPWPRPNM
AP00382,GLVDVLGKVGGLIKKLLPG
AP00397,SGFVLKGYTKTSQ
AP00398,AGFVLKGYTKTSQ
AP00425,GCWSTVLGGLKKFAKGGLEAIVNPK
AP00426,GVFLDALKKFAKGGMNAVLNPK
AP00431,TWLKKRRWKKAKPP
AP00453,FLPAIVGAAGQFLPKIFCAISKKC
AP00454,FLPAIVGAAGKFLPKIFCAISKKC
AP00455,FFPIVAGVAGQVLKKIYCTISKKC
AP00475,GLNTLKKVFQGLHEAIKLINNHVQ
AP00476,GLNALKKVFQGIHEAIKLINNHVQ
AP00477,GINTLKKVIQGLHEVIKLVSNHE
AP00478,GINTLKKVIQGLHEVIKLVSNHA
AP00480,GGAGHVPEYFVGIGTPISFYG
AP00501,GIGKHVGKALKGLKGLLKGLGES
AP00509,VAIALKAAHYHTHKE
AP00533,GVVDILKGAAKDIAGHLASKVMNKL
AP00543,GVVDILKGAGKDLLAHLVGKISEKV
AP00544,GVLDIFKDAAKQILAHAAEKQI
AP00545,GVLDILKNAAKNILAHAAEQI
AP00608,KRIVQRIKDFLR
AP00707,RPDKPRPYLPRPRPPRPVR
AP00810,QSHLSLCRWCCNCCRSNKGC
AP00944,RLARLARRLARLAR
AP01128,GVSKILHSAGKFGKAFLGEINKS
AP01214,GNRPVYIPPPRPPHPRL
AP01218,GFRDVLKGAAKAFVKTVAGHIANI
AP01226,MRTGNAD
AP01266,AVDLAKIANKVLSSLF
AP01347,FIITGLVRGLTKLF
AP01398,YQEPVLGPVRGPFPIIV
AP01399,YQEPVLGPVRGPFPI
AP01400,RPKHPIKHQGLPQEVLNENLLRF
AP01405,GLLGGLLGPLLGGGGGGGGGLL
AP01409,GVVDILKGAAKDLAGHLATKVMNKL
AP01455,FFPLALLCKVFKKC
AP01457,GLKDIFKAGLGSLVKGIAAHVAN
AP01458,GLKEIFKAGLGSLVKGIAAHVAN
AP01459,GLKEIFKAGLGSLVKGIAAHVAS
AP01536,GILSGILGAGKSLVCGLSGLC
AP01538,GILSNVLGMGKKIVCGLSGLC
AP01539,SILSGNFGVGKKIVCGLSGLC
AP01566,QRPYTQPLIYYPPPPTPPRIYRA
AP01620,VDKPPYLPRPPPPRRIYNNR
AP01724,GTPGFQTPDARVISRFGFN
AP01747,SFPFFPPGICKRLKRC
AP01748,SFHVFPPWMCKSLKKC
AP01849,TSRCIFYRRKKCS
AP02001,GMATKAGTALGKVAKAVIGAAL
AP02003,GFWTTAAEGLKKFAKAGLASILNPK
AP02053,GLSQGVEPDIGQTYFEESRINQD
AP02104,MQFITDLIKKAVDFFKGLFGNK
AP02105,MAADIISTIGDLVKLIINTVKKFQK
AP02125,FWGKLWEGVKNAI
AP02137,FLHHIVGLIHHGLSLFGDRAD
AP02151,ALYKKLLKKLLKSAKKLG
AP02184,APAHRSSTFPKWVTKTERGRQPLRS
AP02194,NRWCFAGDD
AP02204,KTKKKLLKKT
AP02231,RAIGGGLSSVGGGSSTIKY
AP02237,FFRLLFHGVHHGGGYLNAA
AP02238,GWKKWFTKGERLSQRHFA
AP02286,NLLGSLLKTGLKVGSNLL
AP02333,KIIFLIAI
AP02365,VIVKAIATLSKKLL
AP02411,LRPAILVRIK
AP02449,GVSKILHSAGKFGKAFLGEIMKS
AP02483,GIGKFLHSAGKFGKAFLGEVMKS
AP02490,GFWSSALEGLKKFAKGGLEALTNPK
AP02491,GLASTIGSLLGKFAKGGAQAFLQPK
AP02518,ARDGYIVDEKGCKFACFIN
AP02598,GVFDIIKGAGKQLIAHAMGKIAEKV
AP02671,KKLFKKILKYL
AP02698,YPCKLNLKLGKVPFHF
AP02701,GTKRGKLCRISRLAL
AP02702,LRHKVYGYCVLGP
AP02704,VGRKHSILNCIPYLKKKKIMRL
AP02716,AAKIILNPKFRCKAAFC
AP02717,AVNIPFKVHLRCKAAFC
AP02721,RWRFLRKISSVHMFSVKALDDFRQL
AP02727,RYPAVGYT
AP02769,ITCQQVTAELEPCVPYLTQGIP
AP02777,VKGSWSKKFEVIA
AP02779,GKGSWSKKIEVIA
AP02787,RNGCIVDPRCPYQQCRRPLYCRRR
AP02813,ILELAGNAARDNKKTRIIPRHLQL
AP02815,GGGGGGHLVA
AP02857,CKRWWKWIRW
AP02858,GATPEDLNQKLS
AP02869,IVRVAVALRRIR
AP02871,ILKWKWPWWPWRR
AP02884,GDDDDDD
AP02885,GADDDDD
AP02887,GLEETVYIYGANMAS
AP02928,KTKKKFLKKT
AP02935,RSITRPVLVRRRWRVRPVF
AP02936,SIKILKIYFIQGKRHWSF
AP02937,QVRWWGRYWRRKWATCR
AP02938,GTAWRWHYRARS
AP02939,KFVRLKIYCRDKNKGRGISF
AP02940,THRLRRWCRARGLAR
AP02941,LTKKTKKQKRNLVGTT
AP02942,LIRCSRTCLQYKTSRFMRW
AP02943,RICRTRLTRRAGNSL
AP02945,VGVKRRLKCLLSLRS
AP02946,RRLRTTTKLPPV
AP02947,TTAPCKCWIGLRRCFK
AP02948,RLLLVMIGLRSKIKWHSGI
AP02950,SRATWARVRRLGLYG
AP02951,AVWMTRSCVIWKR
AP02952,LLMRKLIKGYGYLFGKGKRKKR
AP02953,MAKLLRLDKKRNKFLCFV
AP02971,GVVDILKGAAKDIAGHLASKVM
AP03008,ALWKDILKNAGKAALNEINQIVQ
AP03020,GSGSRQSPSYGR
AP03026,GFCWYVCYRNGVRVCYRRCN
AP03060,GGVGKIIEYFIGGGVGRYG
AP03163,VGAVAFGPVGAVVGGLASGFTGKQT
AP03168,WNWSKSF
AP03189,LNLTKWLGKLGVILSHLNK
AP03238,APAAGFFGMR
AP03249,IKNQLAIVCDGIGFLKSLCRWFVN
AP03252,GLLDLLKGAGKGLLTHLASQI
AP03253,GLLDFFKGAGKELLTHLASQI
AP03264,GFLDVVKGVGKAALGAVTHLINQ
AP03267,NYWKKGKWTIGS
AP03350,GKGIKFVGEEIRRKSGKSAGAK
AP03354,ANAIIGVIASLSPKARNNTNCCTL
AP03418,GVFKDALKQLGAALLDKAANALKPK
AP03419,GVFKDALKQFGAALLDKAANALKPK
AP03420,GVFKDALKQFGAALLDQAANALKPK
AP03469,KFDLKVTIK
AP03478,FLGALIPAAIGLISGLIKK
AP03520,AFVRILCYCCPRRIKRR
AP03522,ISIKEALEHSFFHTVPRKWCKKH
AP03523,TALKSLSILKKLAKLNM
AP03525,GILRSLGWIQMPRSRRRHR
AP03526,GIYTGRLLPVYIPQPRPPHPRLRR
AP03527,RKIIAVSVHKLCRVKR
AP03529,RRFFFATAPCGYSRKFCKITRRKR
AP03532,RRAIFASIRGYLGLRKR
AP03533,KLFLTLWKLKR
AP03539,GILSGLLGAGKKIVC
AP03542,GLISGILGAGKKVLC
AP03544,GIFGGHLKVGKKIACGLSGLC
AP03545,GIFGGLLKEGKKIACGLSGLC
AP03547,RPRPQQVPPRPPHPRLRR
AP03553,GLLGKVLGVGKKVLCGVTGRERCQ
AP03555,GILSGLLGAGKKIVCGLSGMC
AP03567,GHSVDRIPEYFGPPGLPGPVLFYS
AP03571,LHCIALRKK
AP03656,SGKLCCRRKK
AP03657,SGKLYYRRKK
AP03676,ACPIFTKIQGTYRGKAKCK
AP03677,FCPRRYKQIGTGLPGTKCK
AP03678,SCLPKEEQIGKSTRGRKCRRKK
AP03706,GSKPWWWSYFTSLSTHRPRWLLKY
AP03708,GWTSRWIESKHKSDFGKFVL
AP03709,AIGPKGDRGFPGPLG
AP03749,RKHGFLNLQGIFGDYYHFWHRGV
AP03753,RRIRPRPPRLPRPRPRPLPFPRP
AP03754,RRIRPRPPRLPRPRPR
AP03806,IHAEEILDIRGNPTVEVDLHTAKGH
AP03808,RLFDKIRQVIRKF
AP03815,KETWWETWWTEWSQPKKKRKV
AP03816,KWCFRVCYRGACYRRCR
AP03817,KWCFRVCYRGSCYRRCR
AP03831,RIKDFLRNLV
AP03832,KRWWQRWK
AP03864,GLRCRLGRLLRRLGRC
AP03865,GLRCLRLRGRLRLGRCLLR
AP03906,GYPWWDYRDLFGGHTFISP
AP03928,GFFALIPKIlSSPLFKTL
AP03929,GFFALIAKTISSPLFKTL
AP03936,FACPIGFFRLKR
AP03937,GAFVLWGPTPRPRRR
AP03943,KAINTFIHGNKISIKAI
AP03948,GVCRYHRQKWRTRGREWLRRC
AP03990,AWWKFWKRW
AP03999,GEFKKIVQKIKDFLKNLV
AP04001,RRIVQRIRDFLR
AP04002,KRIVQAIKDFLR
AP04029,GIHDILKYGKPA
AP04057,GRIFRLLRK
AP04058,RSVLKAHCRICRRRG
AP04117,KNNRPVYIPRPRPPHPRL
AP04118,KNNRPVYIPRPRPPHPR
AP04119,KNNAPVYIPRPRPPHPRL
AP04133,MASRAAGLAARLARLALR
AP04135,GIGKFLHAAKKFAKAFVAEIMNS
AP04140,CYCKSVDKKRRFFIPTCLRSCCNCG
AP04141,CKSVDKKRRFFIPTC
AP04151,ALWKTLLKKVLKAAAK
AP04176,KKLFKKILKWL
AP04177,FKLFKKILKFL
AP04178,LKLFKKILKFL
AP04179,LKLFKKILKYL
AP04180,YKLFKKILKKL
AP04181,KKLFKKILKKL
AP04208,CSSGSLWRLIRRFLRR
AP04261,RFGRFLRKIRRFRPK
AP04417,LLKKLRLKIA
AP04418,LKKLRLKIAF
AP04471,VTRASGASTPPGTASPFKTL
AP04472,QAKIRVRLSA
AP04473,KIRVRLSA
AP04474,QKKIRVRLSA
AP04475,AKKIRVRLSA
AP04476,QKAIRVRLSA
AP04477,QKKARVRLSA
AP04478,QKKIAVRLSA
AP04479,QKKIRVALSA
AP04480,QKKIRVRLAA
AP04481,QRKIRVRLSA
AP04482,QKRIRVRLSA
AP04483,QRRIRVRLSA
AP04487,KVLGRLVKVLGRAV
AP04488,KVLGRLVKVLGALV
AP04490,KVLGRLVKVAGRLV
AP04491,KVLGRLVKALGRLV
AP04492,KVLGRLVAVLGRLV
AP04494,KVLGRAVKVLGRLV
AP04497,KVAGRLVKVLGRLV
AP04514,GFCWRVCASRNGLRVCYRRCN
AP04515,GFCWYACAKRNGLRVCYRRCN
AP04516,GFCWNVCVRRNGVRVCHRRCN
AP04517,GFCWYVCVKRNGVRSCYRRCN
AP04518,GFCWNVCVYRNGVRICHRRCN
AP04519,GFCWHVCARRNGVRVCYRRCN
AP04520,GFCWRACVYRNGVRACYRRCN
AP04521,GFCWRACVYRNGVRVCYRRCN
AP04533,FFFIRRIARLLRRIF
AP04546,FIGALARLLSKIF
AP04576,RFGRFLRKIRRFIPK
AP04577,RFGRFLRKIRRMRLK
AP04578,RFGRHLRKIIRFRIK
AP04579,RFGRNLRKIRRFWPK
AP04580,RFGRFLRKIRFFRLK
AP04600,MRTGN
AP04630,KRIVKWIKKFLR
AP04660,RFRPPIRRPPIRPPFYPPFRPPIRP
AP04661,RFRPPIRRPPIRPPFYPPFRPPI
AP04662,RFRPPIRRPPIRPPFYPPFRP
AP04663,RFRPPIRRPPIRPPFYPPF
AP04664,RFRPPIRRPPIRPPFYP
AP04665,RFRPPIRRPPIRPPF
AP04666,RPPIRRPPIRPPFYPPFRPPIRP
AP04701,GRNRPVYIPKPRPPHPRL
AP04702,GYNRPAYIPRPRPPHPRR
AP04703,GNNRPVYIPKPRPPYPRK
AP04704,GNRRPVYIPVPRPPYPRL
AP04705,GNNRPGYIPPPRPPHPRL
AP04706,GNNRPGYDRQPRPPHPRL
AP04707,GNNRPVYIPKPPTPHPRL
AP04708,GNNRPGYQPKPRPPHPRL
AP04709,GNRRPMYIPRPRPPHPRE
AP04710,SVMRPVYKPQPRPPHPRL
AP04711,TNARPVNAPQPRPPHPRL
AP04712,GNNRPVYAYQPRPPHPRT
AP04735,MLPSIAGAAAKGLPKLFCKITKKC
AP04738,RLPSIIPGIAGKLGGLLGGLLKGL
AP04739,HLLSLLKKAAKKLLKKLLKKLAKKL
AP04740,KLPSIIKAAAKALPKLF
AP04742,FLPKIAGKAAKKLPKIFCKITKKC
AP04743,KIFGKILKKLLKKLLKKLLKKL
AP04754,NLLDTLKNLAKKLAKKLLKKLLKKL
AP04758,GLLSLLKKLLKKL
AP04759,VLGSLLKGLLKKL
AP04760,ALPSLLKKLLKKL
AP04762,ALLSLLKKLLKKL
AP04763,FLPKIFKKIAKKL
AP04792,LVKLVAGIKKFLKWK
AP04797,RKKRRQRRRGSSKRIVQRIKDFLR
AP04837,FFPKVAGVAAKVKKFCTISKKC
AP04857,GKPNRPRPAPIQPRPPHPRL
AP04858,GKPNKPRPAPIKPRPPHPRL
AP04899,GSKKPVPIIYANRRTGKAQRM
AP04922,GRFRRLRKKTRKRLKKIGKV
AP05010,LRVRRTLQ
AP05034,RGGRLAYARPRFAVAVGR
AP05035,GFSISLKRLQKML
AP05064,FLKKAKKFGKAF
AP05065,KAKKFGKAFVKI
AP05066,AKKFGKAFVKIL
AP05075,FLFGLASKVFPAVYCKVTRK
AP05078,GKKLAKTIAKEVAKQGAKFA
AP05085,FLGKVFKKASKVFPAVFGKV
AP05088,FLGKVFKLASKVFPAVFKKV
AP05096,FLGKVFKKVSKVFPAVFGKV
AP05097,FLGKVFKKAVKVFPAVFGKV
AP05106,FLGVVFKKASKVFGAVFGKV
AP05109,FLGKVFKGASKVFGAVFGKV
AP05110,FLGGVFKKASKVFGAVFGKV
AP05143,DLIWKLLSKAQEKFGKNKSR
AP05150,RRFPWWWPFLRR
AP05151,RFPWWWPFLRR
AP05152,FPWWWPFLRR
AP05153,PWWWPFLRR
AP05154,WWWPFLRR
AP05155,WWPFLRR
AP05156,WWWPFRR
AP05157,RRFPWWW
AP05158,RRFPWWWPF
AP05159,VRRFPYWWPFLRR
AP05160,VRRFPWYWPFLRR
AP05161,VRRFPWWYPFLRR
AP05162,VRRFPSWWPFLRR
AP05163,VRRFPWSWPFLRR
AP05164,VRRFPWWSPFLRR
AP05199,RKIIRRIIPIIRRIIKR
AP05200,RRWWPWWRR
AP05201,IRIIRRRRRIIRI
AP05202,RRIIRIHIRIIRR
AP05203,IRIIRRHRRIIRI
AP05224,LFKVIFGIVKKKKLLPKFF
AP05225,AVWRWLWKGSLAKGIIKFLK
AP05226,WLLVLQRGHRLASIKHVCQLSERKR
AP05231,RSIIRNGIRTLTWRKETKRKKK
AP05232,VLKKSEIRIDFISRTILHI
AP05234,GRGRPKGRGRGRPRGRPRGSKR
AP05244,LKKFFKKVKGWVGGVWGKVKS
AP05245,FKKFFKKVKGWVGGVWGKVKS
AP05246,FKKFLKKFKGWLGGLWGK
AP05247,GVKKKWKKKLGLTLWLKISGVV
AP05276,YLKCKTVHDCPK
AP05277,SQVVYRCVGNYCRAVKIRRWNLG
AP05279,MCEFGMIRRCISYKCQCHEAY
AP05280,MCEFGMIRRC
AP05281,ISYKCQCHEAY
AP05282,MSEFGMIRRSISYKSQSHEAY
AP05292,WRIRRRWPRLPRPRWR
AP05298,GRIRPRPPRLPRPRPR
AP05299,RGIRPRPPRLPRPRPR
AP05300,RRGRPRPPRLPRPRPR
AP05301,RRIGPRPPRLPRPRPR
AP05302,RRIRGRPPRLPRPRPR
AP05303,RRIRPGPPRLPRPRPR
AP05304,RRIRPRGPRLPRPRPR
AP05305,RRIRPRPGRLPRPRPR
AP05306,RRIRPRPPGLPRPRPR
AP05307,RRIRPRPPRGPRPRPR
AP05308,RRIRPRPPRLGRPRPR
AP05309,RRIRPRPPRLPGPRPR
AP05310,RRIRPRPPRLPRGRPR
AP05311,RRIRPRPPRLPRPGPR
AP05312,RRIRPRPPRLPRPRGR
AP05313,RRIRPRPPRLPRPRPG
AP05314,RRIRPRPPRLPRPRPA
AP05315,RRIRPRPPRLPRPRAR
AP05316,RRIRPRPPRLPRPAPR
AP05317,RRIRPRPPRLPRARPR
AP05318,RRIRPRPPRLPAPRPR
AP05319,RRIRPRPPRLARPRPR
AP05320,RRIRPRPPRAPRPRPR
AP05321,RRIRPRPPALPRPRPR
AP05322,RRIRPRPARLPRPRPR
AP05323,RRIRPRAPRLPRPRPR
AP05324,RRIRPAPPRLPRPRPR
AP05325,RRIRARPPRLPRPRPR
AP05326,RRIAPRPPRLPRPRPR
AP05327,RRARPRPPRLPRPRPR
AP05328,RAIRPRPPRLPRPRPR
AP05329,ARIRPRPPRLPRPRPR
AP05330,SRIRPRPPRLPRPRPR
AP05331,RSIRPRPPRLPRPRPR
AP05332,RRSRPRPPRLPRPRPR
AP05333,RRISPRPPRLPRPRPR
AP05334,RRIRSRPPRLPRPRPR
AP05335,RRIRPSPPRLPRPRPR
AP05336,RRIRPRSPRLPRPRPR
AP05337,RRIRPRPSRLPRPRPR
AP05338,RRIRPRPPSLPRPRPR
AP05339,RRIRPRPPRSPRPRPR
AP05340,RRIRPRPPRLSRPRPR
AP05341,RRIRPRPPRLPSPRPR
AP05342,RRIRPRPPRLPRSRPR
AP05343,RRIRPRPPRLPRPSPR
AP05344,RRIRPRPPRLPRPRSR
AP05345,RRIRPRPPRLPRPRPS
AP05346,FRIRPRPPRLPRPRPR
AP05347,RFIRPRPPRLPRPRPR
AP05348,RRFRPRPPRLPRPRPR
AP05349,RRIFPRPPRLPRPRPR
AP05350,RRIRFRPPRLPRPRPR
AP05351,RRIRPFPPRLPRPRPR
AP05352,RRIRPRFPRLPRPRPR
AP05353,RRIRPRPFRLPRPRPR
AP05354,RRIRPRPPFLPRPRPR
AP05355,RRIRPRPPRFPRPRPR
AP05356,RRIRPRPPRLFRPRPR
AP05357,RRIRPRPPRLPFPRPR
AP05358,RRIRPRPPRLPRFRPR
AP05359,RRIRPRPPRLPRPFPR
AP05360,RRIRPRPPRLPRPRFR
AP05361,RRIRPRPPRLPRPRPF
AP05363,WRIRPRPPRLPRPRPR
AP05364,RWIRPRPPRLPRPRPR
AP05365,RRWRPRPPRLPRPRPR
AP05366,RRIWPRPPRLPRPRPR
AP05367,RRIRWRPPRLPRPRPR
AP05368,RRIRPWPPRLPRPRPR
AP05369,RRIRPRWPRLPRPRPR
AP05370,RRIRPRPWRLPRPRPR
AP05371,RRIRPRPPWLPRPRPR
AP05372,RRIRPRPPRWPRPRPR
AP05373,RRIRPRPPRLWRPRPR
AP05374,RRIRPRPPRLPWPRPR
AP05375,RRIRPRPPRLPRWRPR
AP05376,RRIRPRPPRLPRPWPR
AP05377,RRIRPRPPRLPRPRWR
AP05378,RRIRPRPPRLPRPRPW
AP05379,ERIRPRPPRLPRPRPR
AP05380,REIRPRPPRLPRPRPR
AP05381,RRERPRPPRLPRPRPR
AP05382,RRIRERPPRLPRPRPR
AP05383,RRIRPREPRLPRPRPR
AP05384,RRIRPRPERLPRPRPR
AP05385,RRIRPRPPRLERPRPR
AP05386,RRIRPRPPRLPRERPR
AP05387,RRIRPRPPRLPRPEPR
AP05388,RRIRPRPPRLPRPRER
AP05389,RRIRPRPPRLPRPRPE
AP05390,RRRRPRPPRLPRPRPR
AP05391,RRIRRRPPRLPRPRPR
AP05392,RRIRPRRPRLPRPRPR
AP05393,RRIRPRPRRLPRPRPR
AP05394,RRIRPRPPRRPRPRPR
AP05395,RRIRPRPPRLRRPRPR
AP05396,RRIRPRPPRLPRRRPR
AP05397,RRIRPRPPRLPRPRRR
AP05398,PRIRPRPPRLPRPRPR
AP05399,RPIRPRPPRLPRPRPR
AP05400,RRPRPRPPRLPRPRPR
AP05401,RRIPPRPPRLPRPRPR
AP05402,RRIRPPPPRLPRPRPR
AP05403,RRIRPRPPPLPRPRPR
AP05404,RRIRPRPPRPPRPRPR
AP05405,RRIRPRPPRLPPPRPR
AP05406,RRIRPRPPRLPRPPPR
AP05407,RRIRPRPPRLPRPRPP
AP05416,WRIRPRPPRLPRWRPR
AP05417,WRIRRRPPRLPRPRWR
AP05436,PPPHKHGHGHGKHKNKGKKN
AP05465,LANVLFRRNATTILQ
